<?xml version="1.0" encoding="UTF-8"?>
<beans xmlns="http://www.springframework.org/schema/beans"
	xmlns:xsi="http://www.w3.org/2001/XMLSchema-instance" xmlns:jee="http://www.springframework.org/schema/jee"
	xmlns:p="http://www.springframework.org/schema/p" xmlns:c="http://www.springframework.org/schema/c"
	xmlns:util="http://www.springframework.org/schema/util" xmlns:context="http://www.springframework.org/schema/context"
	xsi:schemaLocation="http://www.springframework.org/schema/jee http://www.springframework.org/schema/jee/spring-jee-4.2.xsd
		http://www.springframework.org/schema/beans http://www.springframework.org/schema/beans/spring-beans.xsd
		http://www.springframework.org/schema/util http://www.springframework.org/schema/util/spring-util-4.2.xsd
		http://www.springframework.org/schema/context http://www.springframework.org/schema/context/spring-context-4.2.xsd">

	<!-- <bean class="org.springframework.beans.factory.annotation.RequiredAnnotationBeanPostProcessor"/> -->

	<context:annotation-config />

	<!-- Repository-layer components -->


	<bean id="jdbcAccRepo1" class="com.mts.repository.JdbcAccountRepository">
		<!-- <constructor-arg ref="dataSource" /> -->
		<!-- <qualifier value="jdbc"/> -->
		<qualifier type="com.mts.spring.RepositoryQualifer">
			<attribute key="db" value="mysql"/>
			<attribute key="tech" value="jdbc"/>
		</qualifier>
	</bean>
	<bean id="jdbcAccRepo2" class="com.mts.repository.JdbcAccountRepository">
		<!-- <constructor-arg ref="dataSource" /> -->
		<!-- <qualifier value="jdbc"/> -->
		<qualifier type="com.mts.spring.RepositoryQualifer">
			<attribute key="db" value="oracle"/>
			<attribute key="tech" value="jdbc"/>
		</qualifier>
	</bean>


	<bean id="hibAccRepo" class="com.mts.repository.HibAccountRepository">
		<!-- <constructor-arg ref="dataSource" /> -->
		<qualifier value="hibernate" />
	</bean>


	<!-- Service-layer components -->

	<bean id="txrService" class="com.mts.service.TxrServiceImpl"
		init-method="init" destroy-method="destroy">
		<!-- <constructor-arg ref="jdbcAccRepo" /> -->
		<property name="txrType" value="NEFT" />
	</bean>




</beans>
