<?xml version="1.0" encoding="UTF-8"?>
<beans xmlns="http://www.springframework.org/schema/beans"
	xmlns:xsi="http://www.w3.org/2001/XMLSchema-instance" xmlns:jee="http://www.springframework.org/schema/jee"
	xsi:schemaLocation="http://www.springframework.org/schema/jee http://www.springframework.org/schema/jee/spring-jee-4.2.xsd
		http://www.springframework.org/schema/beans http://www.springframework.org/schema/beans/spring-beans.xsd">

	<!-- datasource -->
	<bean id="dataSource" class="org.apache.commons.dbcp.BasicDataSource">
		<property name="driverClassName" value="com.mysql.jdbc.Driver" />
		<property name="url" value="jdbc:mysql://localhost:3306/MTS" />
		<property name="username" value="root" />
		<property name="password" value="root" />
		<property name="maxActive" value="10" />
		
		<property name="maxIdle" value="2" />
		<property name="maxWait" value="60" />
	</bean>

	<!-- <jee:jndi-lookup jndi-name="java:jdbc/MTS-ds"></jee:jndi-lookup> -->


	<!-- Repository-layer components -->


	<bean id="jdbcAccRepo" class="com.mts.repository.JdbcAccountRepository">
		<constructor-arg ref="dataSource" />
	</bean>


	<!-- Service-layer components -->

	<bean id="txrService" class="com.mts.service.TxrServiceImpl">
		<constructor-arg ref="jdbcAccRepo" />
	</bean>




</beans>
