<?xml version="1.0" encoding="UTF-8"?>
<beans xmlns="http://www.springframework.org/schema/beans"
	xmlns:xsi="http://www.w3.org/2001/XMLSchema-instance" xmlns:context="http://www.springframework.org/schema/context"
	xsi:schemaLocation="http://www.springframework.org/schema/beans http://www.springframework.org/schema/beans/spring-beans.xsd
		http://www.springframework.org/schema/context http://www.springframework.org/schema/context/spring-context-4.2.xsd">

	<!-- BFPP -->

	<!-- <bean -->
	<!-- class="org.springframework.beans.factory.config.PropertyPlaceholderConfigurer"> -->
	<!-- <property name="location" value="classpath:db.properties" /> -->
	<!-- </bean> -->
	
	<context:property-placeholder location="classpath:db.properties"/>

	<bean class="com.mts.spring.BFPP"></bean>

	<!-- BPP -->
	<bean class="com.mts.spring.BPP"></bean>



	<!-- datasource -->
	<bean id="dataSource" class="org.apache.commons.dbcp.BasicDataSource">
		<property name="driverClassName" value="${db.driver}" />
		<property name="url" value="${db.url}" />
		<property name="username" value="${db.user}" />
		<property name="password" value="${db.password}" />
		<property name="maxActive" value="${db.maxActive}" />
		<property name="maxIdle" value="2" />
		<property name="maxWait" value="60" />
	</bean>

</beans>
